Workbook

Sheet Read Me
A1: Data Analytics Assessment M3-A1
A2: Excel project workbook prepared from the supplied assessment brief. Sample data is fictional and created for the practical tasks.
A4: Workbook | B4: Food delivery analytics project
A5: Data rows | B5: 120 orders across 5 zones, 4 cuisines and 3 months
A6: Main sheets | B6: Orders, Restaurants, Premium Orders, Pivot Analysis, Dashboard, Stats Summary, Zone Stats
A7: Formulas | B7: XLOOKUP, INDEX-MATCH, AVERAGEIF, AVERAGE, MEDIAN, MODE.SNGL, STDEV.S, VAR.S, QUARTILE.INC, IF
A8: Controls | B8: Cuisine and Rating validation are applied to the Orders sheet
A9: Dashboard | B9: Revenue by Cuisine × Zone, monthly order trend, KPI cards and a linked chart
A12: Submission note | B12: The assessment asks for Pivot Tables, Slicers and a Timeline. This workbook includes the same analyses and dashboard controls in worksheet form so the file remains portable and editable.

Sheet Section A
A1: Section A - Concept Application
A2: Short, practical answers based on the scenarios in the assessment.
A4: S1 | B4: Descriptive: the last-month summary uses historical order records to report total orders, revenue and cancellation rate. Diagnostic: the Week 3 delay spike requires comparing delivery times and related factors to find likely causes. Predictive: the next-quarter volume report uses historical trends to estimate future order demand. Each analysis needs the relevant cleaned order, time and operational data, but the output changes from reporting what happened to explaining why and estimating what may happen next.
A7: S2 | B7: For current business health, two useful KPIs are Revenue and Cancellation Rate. Revenue = SUM(Revenue), while Cancellation Rate = Cancelled Orders / Total Orders; rising revenue can indicate stronger sales, while a rising cancellation rate can signal operational or customer-experience problems. For retention, Repeat Customer Rate = customers with 2+ orders / total customers, and Customer Retention Rate can be measured as customers active again in the next period / customers active in the starting period. Domain knowledge matters because a raw count can look positive while hiding poor quality, margin, retention or service performance.
A10: S3 | B10: The mean of 38 minutes being much higher than the median of 29 minutes suggests a right-skewed distribution, where a smaller number of very long deliveries pull the mean upward. I would report the median as the main measure of typical delivery time because it is less affected by the 60 GPS-error records. The standard deviation of 24 minutes shows substantial variation in delivery performance. Before removing outliers, I would confirm whether the records are genuine events or data errors; the GPS issue supports correcting or excluding those erroneous records, while genuine extreme deliveries should be retained or separately flagged.
A13: S4 | B13: Because the same business metric is being compared before and after a campaign, an independent two-sample t-test is a practical choice if the order samples are independent and assumptions are reasonable. H0: the mean order value is the same before and after the campaign. H1: the mean order value is different. With p = 0.03 and a 5% significance level, reject H0 because 0.03 < 0.05. In business language: the data provides statistically significant evidence that average order value changed after the campaign, although statistical significance alone does not prove the campaign caused the increase.
A16: S5 | B16: VLOOKUP is less flexible here because the lookup key must be in the first column of its table and the return column is specified by a column number. XLOOKUP can directly look in RestaurantID and return RestaurantName from another range, while INDEX-MATCH separates the lookup and return ranges and can work in either direction. Example: =IFERROR(XLOOKUP(B2,Restaurants!$A$2:$A$16,Restaurants!$B$2:$B$16),"Not Listed"). If an ID has no match, IFERROR returns the readable fallback instead of #N/A.
A19: S6 | B19: Pivot Table 1 can show SUM of Revenue with Cuisine as rows and Zone as columns, plus Status as a report filter. Pivot Table 2 can group OrderDate by month and quarter and show order count. A Pivot Chart can visualize the revenue summary, while Slicers can filter Cuisine or Zone and a Timeline can filter dates. Conditional Formatting can highlight high revenue or slow delivery. A formal Excel Table expands automatically when new rows are appended, which keeps formulas and connected summaries easier to refresh; a fixed range can miss newly added records.

Sheet Restaurants
A4: RestaurantID | B4: RestaurantName | C4: Zone | D4: Category | E4: AvgRating
A5: R001 | B5: Spice Route | C5: Central | D5: Dine-in | E5: 4.3
A6: R002 | B6: Urban Tadka | C6: West | D6: QSR | E6: 4.1
A7: R003 | B7: Dosa Corner | C7: South | D7: QSR | E7: 4.4
A8: R004 | B8: Dragon Bowl | C8: East | D8: Cloud Kitchen | E8: 4.2
A9: R005 | B9: Pasta Point | C9: North | D9: Dine-in | E9: 4
A10: R006 | B10: Masala House | C10: West | D10: Dine-in | E10: 4.5
A11: R007 | B11: Chai & Curry | C11: Central | D11: QSR | E11: 4.2
A12: R008 | B12: Wok Street | C12: East | D12: QSR | E12: 4.1
A13: R009 | B13: Bella Italia | C13: North | D13: Dine-in | E13: 4.4
A14: R010 | B14: Green Leaf Kitchen | C14: South | D14: Cloud Kitchen | E14: 4
A15: R011 | B15: Tandoor Tales | C15: Central | D15: Dine-in | E15: 4.6
A16: R012 | B16: Curry Express | C16: West | D16: QSR | E16: 4.1
... A19: R015 | B19: Noodle Nation | C19: East | D19: Cloud Kitchen | E19: 4

Sheet Orders
A1: Orders - Enriched Food Delivery Data
A2: 120 fictional order records. Formula columns are included for lookup enrichment and outlier detection.
A4: OrderID | B4: RestaurantID | C4: Cuisine | D4: Zone | E4: OrderDate | F4: DeliveryTime | G4: Rating | H4: Revenue (Rs) | I4: Status | J4: RestaurantName | K4: Category | L4: Lookup Zone | M4: Outlier Flag
A5: O0001 | B5: R011 | C5: North Indian | D5: Central | E5: 46207 | F5: 34 | G5: 3.7 | H5: 1131.02 | I5: Delivered | J5: =IFERROR(_xludf.xlookup(B5,Restaurants!$A$5:$A$19,Restaurants!$B$5:$B$19),"Unknown") -> Unknown | K5: =IFERROR(_xludf.xlookup(B5,Restaurants!$A$5:$A$19,Restaurants!$D$5:$D$19),"Unknown") -> Unknown | L5: =IFERROR(INDEX(Restaurants!$C$5:$C$19,MATCH(B5,Restaurants!$A$5:$A$19,0)),"Unknown") -> Central | M5: =IF(OR(F5<QStats!$B$8,F5>QStats!$B$9),"Yes","No") -> #NAME?
A6: O0002 | B6: R009 | C6: North Indian | D6: North | E6: 46279 | F6: 32 | G6: 4.2 | H6: 252.64 | I6: Delivered | J6: =IFERROR(_xludf.xlookup(B6,Restaurants!$A$5:$A$19,Restaurants!$B$5:$B$19),"Unknown") -> Unknown | K6: =IFERROR(_xludf.xlookup(B6,Restaurants!$A$5:$A$19,Restaurants!$D$5:$D$19),"Unknown") -> Unknown | L6: =IFERROR(INDEX(Restaurants!$C$5:$C$19,MATCH(B6,Restaurants!$A$5:$A$19,0)),"Unknown") -> North | M6: =IF(OR(F6<QStats!$B$8,F6>QStats!$B$9),"Yes","No") -> #NAME?
A7: O0003 | B7: R004 | C7: Italian | D7: East | E7: 46232 | F7: 26 | G7: 4.2 | H7: 416.38 | I7: Delivered | J7: =IFERROR(_xludf.xlookup(B7,Restaurants!$A$5:$A$19,Restaurants!$B$5:$B$19),"Unknown") -> Unknown | K7: =IFERROR(_xludf.xlookup(B7,Restaurants!$A$5:$A$19,Restaurants!$D$5:$D$19),"Unknown") -> Unknown | L7: =IFERROR(INDEX(Restaurants!$C$5:$C$19,MATCH(B7,Restaurants!$A$5:$A$19,0)),"Unknown") -> East | M7: =IF(OR(F7<QStats!$B$8,F7>QStats!$B$9),"Yes","No") -> #NAME?
A8: O0004 | B8: R007 | C8: Chinese | D8: Central | E8: 46239 | F8: 48 | G8: 5 | H8: 338.96 | I8: Delivered | J8: =IFERROR(_xludf.xlookup(B8,Restaurants!$A$5:$A$19,Restaurants!$B$5:$B$19),"Unknown") -> Unknown | K8: =IFERROR(_xludf.xlookup(B8,Restaurants!$A$5:$A$19,Restaurants!$D$5:$D$19),"Unknown") -> Unknown | L8: =IFERROR(INDEX(Restaurants!$C$5:$C$19,MATCH(B8,Restaurants!$A$5:$A$19,0)),"Unknown") -> Central | M8: =IF(OR(F8<QStats!$B$8,F8>QStats!$B$9),"Yes","No") -> #NAME?
A9: O0005 | B9: R014 | C9: Chinese | D9: North | E9: 46281 | F9: 34 | G9: 4.3 | H9: 1354.42 | I9: Delivered | J9: =IFERROR(_xludf.xlookup(B9,Restaurants!$A$5:$A$19,Restaurants!$B$5:$B$19),"Unknown") -> Unknown | K9: =IFERROR(_xludf.xlookup(B9,Restaurants!$A$5:$A$19,Restaurants!$D$5:$D$19),"Unknown") -> Unknown | L9: =IFERROR(INDEX(Restaurants!$C$5:$C$19,MATCH(B9,Restaurants!$A$5:$A$19,0)),"Unknown") -> North | M9: =IF(OR(F9<QStats!$B$8,F9>QStats!$B$9),"Yes","No") -> #NAME?
A10: O0006 | B10: R002 | C10: Chinese | D10: West | E10: 46284 | F10: 19 | G10: 3.4 | H10: 276.36 | I10: Delivered | J10: =IFERROR(_xludf.xlookup(B10,Restaurants!$A$5:$A$19,Restaurants!$B$5:$B$19),"Unknown") -> Unknown | K10: =IFERROR(_xludf.xlookup(B10,Restaurants!$A$5:$A$19,Restaurants!$D$5:$D$19),"Unknown") -> Unknown | L10: =IFERROR(INDEX(Restaurants!$C$5:$C$19,MATCH(B10,Restaurants!$A$5:$A$19,0)),"Unknown") -> West | M10: =IF(OR(F10<QStats!$B$8,F10>QStats!$B$9),"Yes","No") -> #NAME?
A11: O0007 | B11: R004 | C11: Chinese | D11: East | E11: 46214 | F11: 46 | G11: 3 | H11: 1245.96 | I11: Delivered | J11: =IFERROR(_xludf.xlookup(B11,Restaurants!$A$5:$A$19,Restaurants!$B$5:$B$19),"Unknown") -> Unknown | K11: =IFERROR(_xludf.xlookup(B11,Restaurants!$A$5:$A$19,Restaurants!$D$5:$D$19),"Unknown") -> Unknown | L11: =IFERROR(INDEX(Restaurants!$C$5:$C$19,MATCH(B11,Restaurants!$A$5:$A$19,0)),"Unknown") -> East | M11: =IF(OR(F11<QStats!$B$8,F11>QStats!$B$9),"Yes","No") -> #NAME?
A12: O0008 | B12: R003 | C12: Chinese | D12: South | E12: 46249 | F12: 36 | G12: 4.5 | H12: 969.23 | I12: Delivered | J12: =IFERROR(_xludf.xlookup(B12,Restaurants!$A$5:$A$19,Restaurants!$B$5:$B$19),"Unknown") -> Unknown | K12: =IFERROR(_xludf.xlookup(B12,Restaurants!$A$5:$A$19,Restaurants!$D$5:$D$19),"Unknown") -> Unknown | L12: =IFERROR(INDEX(Restaurants!$C$5:$C$19,MATCH(B12,Restaurants!$A$5:$A$19,0)),"Unknown") -> South | M12: =IF(OR(F12<QStats!$B$8,F12>QStats!$B$9),"Yes","No") -> #NAME?
A13: O0009 | B13: R003 | C13: South Indian | D13: South | E13: 46224 | F13: 26 | G13: 4.2 | H13: 490.13 | I13: Delivered | J13: =IFERROR(_xludf.xlookup(B13,Restaurants!$A$5:$A$19,Restaurants!$B$5:$B$19),"Unknown") -> Unknown | K13: =IFERROR(_xludf.xlookup(B13,Restaurants!$A$5:$A$19,Restaurants!$D$5:$D$19),"Unknown") -> Unknown | L13: =IFERROR(INDEX(Restaurants!$C$5:$C$19,MATCH(B13,Restaurants!$A$5:$A$19,0)),"Unknown") -> South | M13: =IF(OR(F13<QStats!$B$8,F13>QStats!$B$9),"Yes","No") -> #NAME?
A14: O0010 | B14: R006 | C14: North Indian | D14: West | E14: 46233 | F14: 42 | G14: 3.1 | H14: 1343.16 | I14: Cancelled | J14: =IFERROR(_xludf.xlookup(B14,Restaurants!$A$5:$A$19,Restaurants!$B$5:$B$19),"Unknown") -> Unknown | K14: =IFERROR(_xludf.xlookup(B14,Restaurants!$A$5:$A$19,Restaurants!$D$5:$D$19),"Unknown") -> Unknown | L14: =IFERROR(INDEX(Restaurants!$C$5:$C$19,MATCH(B14,Restaurants!$A$5:$A$19,0)),"Unknown") -> West | M14: =IF(OR(F14<QStats!$B$8,F14>QStats!$B$9),"Yes","No") -> #NAME?
A15: O0011 | B15: R010 | C15: Chinese | D15: South | E15: 46231 | F15: 28 | G15: 3.6 | H15: 545.8 | I15: Delivered | J15: =IFERROR(_xludf.xlookup(B15,Restaurants!$A$5:$A$19,Restaurants!$B$5:$B$19),"Unknown") -> Unknown | K15: =IFERROR(_xludf.xlookup(B15,Restaurants!$A$5:$A$19,Restaurants!$D$5:$D$19),"Unknown") -> Unknown | L15: =IFERROR(INDEX(Restaurants!$C$5:$C$19,MATCH(B15,Restaurants!$A$5:$A$19,0)),"Unknown") -> South | M15: =IF(OR(F15<QStats!$B$8,F15>QStats!$B$9),"Yes","No") -> #NAME?
A16: O0012 | B16: R004 | C16: Chinese | D16: East | E16: 46278 | F16: 22 | G16: 4.4 | H16: 390.15 | I16: Delivered | J16: =IFERROR(_xludf.xlookup(B16,Restaurants!$A$5:$A$19,Restaurants!$B$5:$B$19),"Unknown") -> Unknown | K16: =IFERROR(_xludf.xlookup(B16,Restaurants!$A$5:$A$19,Restaurants!$D$5:$D$19),"Unknown") -> Unknown | L16: =IFERROR(INDEX(Restaurants!$C$5:$C$19,MATCH(B16,Restaurants!$A$5:$A$19,0)),"Unknown") -> East | M16: =IF(OR(F16<QStats!$B$8,F16>QStats!$B$9),"Yes","No") -> #NAME?
... A124: O0120 | B124: R006 | C124: North Indian | D124: West | E124: 46241 | F124: 27 | G124: 4.6 | H124: 1058.61 | I124: Delivered | J124: =IFERROR(_xludf.xlookup(B124,Restaurants!$A$5:$A$19,Restaurants!$B$5:$B$19),"Unknown") -> Unknown | K124: =IFERROR(_xludf.xlookup(B124,Restaurants!$A$5:$A$19,Restaurants!$D$5:$D$19),"Unknown") -> Unknown | L124: =IFERROR(INDEX(Restaurants!$C$5:$C$19,MATCH(B124,Restaurants!$A$5:$A$19,0)),"Unknown") -> West | M124: =IF(OR(F124<QStats!$B$8,F124>QStats!$B$9),"Yes","No") -> #NAME?

Sheet Premium Orders
A4: OrderID | B4: RestaurantID | C4: Cuisine | D4: Zone | E4: OrderDate | F4: DeliveryTime | G4: Rating | H4: Revenue (Rs) | I4: Status | J4: RestaurantName | K4: Category | L4: Lookup Zone | M4: Outlier Flag
A5: O0005 | B5: R014 | C5: Chinese | D5: North | E5: 46281 | F5: 34 | G5: 4.3 | H5: 1354.42 | I5: Delivered | J5: =IFERROR(_xludf.xlookup(B5,Restaurants!$A$5:$A$19,Restaurants!$B$5:$B$19),"Unknown") -> Unknown | K5: =IFERROR(_xludf.xlookup(B5,Restaurants!$A$5:$A$19,Restaurants!$D$5:$D$19),"Unknown") -> Unknown | L5: =IFERROR(INDEX(Restaurants!$C$5:$C$19,MATCH(B5,Restaurants!$A$5:$A$19,0)),"Unknown") -> North | M5: No
A6: O0008 | B6: R003 | C6: Chinese | D6: South | E6: 46249 | F6: 36 | G6: 4.5 | H6: 969.23 | I6: Delivered | J6: =IFERROR(_xludf.xlookup(B6,Restaurants!$A$5:$A$19,Restaurants!$B$5:$B$19),"Unknown") -> Unknown | K6: =IFERROR(_xludf.xlookup(B6,Restaurants!$A$5:$A$19,Restaurants!$D$5:$D$19),"Unknown") -> Unknown | L6: =IFERROR(INDEX(Restaurants!$C$5:$C$19,MATCH(B6,Restaurants!$A$5:$A$19,0)),"Unknown") -> South | M6: No
A7: O0017 | B7: R015 | C7: North Indian | D7: East | E7: 46284 | F7: 30 | G7: 4.8 | H7: 1157.89 | I7: Delivered | J7: =IFERROR(_xludf.xlookup(B7,Restaurants!$A$5:$A$19,Restaurants!$B$5:$B$19),"Unknown") -> Unknown | K7: =IFERROR(_xludf.xlookup(B7,Restaurants!$A$5:$A$19,Restaurants!$D$5:$D$19),"Unknown") -> Unknown | L7: =IFERROR(INDEX(Restaurants!$C$5:$C$19,MATCH(B7,Restaurants!$A$5:$A$19,0)),"Unknown") -> East | M7: No
A8: O0018 | B8: R009 | C8: North Indian | D8: North | E8: 46280 | F8: 33 | G8: 4.2 | H8: 1242.95 | I8: Delivered | J8: =IFERROR(_xludf.xlookup(B8,Restaurants!$A$5:$A$19,Restaurants!$B$5:$B$19),"Unknown") -> Unknown | K8: =IFERROR(_xludf.xlookup(B8,Restaurants!$A$5:$A$19,Restaurants!$D$5:$D$19),"Unknown") -> Unknown | L8: =IFERROR(INDEX(Restaurants!$C$5:$C$19,MATCH(B8,Restaurants!$A$5:$A$19,0)),"Unknown") -> North | M8: No
A9: O0021 | B9: R004 | C9: South Indian | D9: East | E9: 46295 | F9: 22 | G9: 5 | H9: 856.62 | I9: Delivered | J9: =IFERROR(_xludf.xlookup(B9,Restaurants!$A$5:$A$19,Restaurants!$B$5:$B$19),"Unknown") -> Unknown | K9: =IFERROR(_xludf.xlookup(B9,Restaurants!$A$5:$A$19,Restaurants!$D$5:$D$19),"Unknown") -> Unknown | L9: =IFERROR(INDEX(Restaurants!$C$5:$C$19,MATCH(B9,Restaurants!$A$5:$A$19,0)),"Unknown") -> East | M9: No
A10: O0023 | B10: R012 | C10: North Indian | D10: West | E10: 46233 | F10: 36 | G10: 4.2 | H10: 562.53 | I10: Delivered | J10: =IFERROR(_xludf.xlookup(B10,Restaurants!$A$5:$A$19,Restaurants!$B$5:$B$19),"Unknown") -> Unknown | K10: =IFERROR(_xludf.xlookup(B10,Restaurants!$A$5:$A$19,Restaurants!$D$5:$D$19),"Unknown") -> Unknown | L10: =IFERROR(INDEX(Restaurants!$C$5:$C$19,MATCH(B10,Restaurants!$A$5:$A$19,0)),"Unknown") -> West | M10: No
A11: O0024 | B11: R008 | C11: South Indian | D11: East | E11: 46273 | F11: 50 | G11: 4.8 | H11: 1185.08 | I11: Delivered | J11: =IFERROR(_xludf.xlookup(B11,Restaurants!$A$5:$A$19,Restaurants!$B$5:$B$19),"Unknown") -> Unknown | K11: =IFERROR(_xludf.xlookup(B11,Restaurants!$A$5:$A$19,Restaurants!$D$5:$D$19),"Unknown") -> Unknown | L11: =IFERROR(INDEX(Restaurants!$C$5:$C$19,MATCH(B11,Restaurants!$A$5:$A$19,0)),"Unknown") -> East | M11: No
A12: O0025 | B12: R013 | C12: Italian | D12: South | E12: 46228 | F12: 46 | G12: 4.4 | H12: 1282.52 | I12: Delivered | J12: =IFERROR(_xludf.xlookup(B12,Restaurants!$A$5:$A$19,Restaurants!$B$5:$B$19),"Unknown") -> Unknown | K12: =IFERROR(_xludf.xlookup(B12,Restaurants!$A$5:$A$19,Restaurants!$D$5:$D$19),"Unknown") -> Unknown | L12: =IFERROR(INDEX(Restaurants!$C$5:$C$19,MATCH(B12,Restaurants!$A$5:$A$19,0)),"Unknown") -> South | M12: No
A13: O0030 | B13: R007 | C13: Chinese | D13: Central | E13: 46262 | F13: 31 | G13: 4.9 | H13: 1034.1 | I13: Delivered | J13: =IFERROR(_xludf.xlookup(B13,Restaurants!$A$5:$A$19,Restaurants!$B$5:$B$19),"Unknown") -> Unknown | K13: =IFERROR(_xludf.xlookup(B13,Restaurants!$A$5:$A$19,Restaurants!$D$5:$D$19),"Unknown") -> Unknown | L13: =IFERROR(INDEX(Restaurants!$C$5:$C$19,MATCH(B13,Restaurants!$A$5:$A$19,0)),"Unknown") -> Central | M13: No
A14: O0031 | B14: R008 | C14: South Indian | D14: East | E14: 46228 | F14: 26 | G14: 5 | H14: 1140.01 | I14: Delivered | J14: =IFERROR(_xludf.xlookup(B14,Restaurants!$A$5:$A$19,Restaurants!$B$5:$B$19),"Unknown") -> Unknown | K14: =IFERROR(_xludf.xlookup(B14,Restaurants!$A$5:$A$19,Restaurants!$D$5:$D$19),"Unknown") -> Unknown | L14: =IFERROR(INDEX(Restaurants!$C$5:$C$19,MATCH(B14,Restaurants!$A$5:$A$19,0)),"Unknown") -> East | M14: No
A15: O0034 | B15: R004 | C15: North Indian | D15: East | E15: 46283 | F15: 47 | G15: 4.3 | H15: 540.74 | I15: Delivered | J15: =IFERROR(_xludf.xlookup(B15,Restaurants!$A$5:$A$19,Restaurants!$B$5:$B$19),"Unknown") -> Unknown | K15: =IFERROR(_xludf.xlookup(B15,Restaurants!$A$5:$A$19,Restaurants!$D$5:$D$19),"Unknown") -> Unknown | L15: =IFERROR(INDEX(Restaurants!$C$5:$C$19,MATCH(B15,Restaurants!$A$5:$A$19,0)),"Unknown") -> East | M15: No
A16: O0035 | B16: R011 | C16: Chinese | D16: Central | E16: 46234 | F16: 33 | G16: 4.4 | H16: 1362.69 | I16: Delivered | J16: =IFERROR(_xludf.xlookup(B16,Restaurants!$A$5:$A$19,Restaurants!$B$5:$B$19),"Unknown") -> Unknown | K16: =IFERROR(_xludf.xlookup(B16,Restaurants!$A$5:$A$19,Restaurants!$D$5:$D$19),"Unknown") -> Unknown | L16: =IFERROR(INDEX(Restaurants!$C$5:$C$19,MATCH(B16,Restaurants!$A$5:$A$19,0)),"Unknown") -> Central | M16: No
... A52: O0120 | B52: R006 | C52: North Indian | D52: West | E52: 46241 | F52: 27 | G52: 4.6 | H52: 1058.61 | I52: Delivered | J52: =IFERROR(_xludf.xlookup(B52,Restaurants!$A$5:$A$19,Restaurants!$B$5:$B$19),"Unknown") -> Unknown | K52: =IFERROR(_xludf.xlookup(B52,Restaurants!$A$5:$A$19,Restaurants!$D$5:$D$19),"Unknown") -> Unknown | L52: =IFERROR(INDEX(Restaurants!$C$5:$C$19,MATCH(B52,Restaurants!$A$5:$A$19,0)),"Unknown") -> West | M52: No

Sheet Stats Summary
A1: Stats Summary - Delivery Time
A2: Excel descriptive statistics and IQR thresholds.
A4: Metric | B4: Formula / Value
A5: Mean | B5: =AVERAGE(Orders!$F$5:$F$124) -> 34.725
A6: Median | B6: =MEDIAN(Orders!$F$5:$F$124) -> 34
A7: Mode | B7: =_xlfn.MODE.SNGL(Orders!$F$5:$F$124) -> 34
A8: Standard Deviation | B8: =_xlfn.STDEV.S(Orders!$F$5:$F$124) -> 12.855998
A9: Variance | B9: =_xlfn.VAR.S(Orders!$F$5:$F$124) -> 165.27668
A10: Min | B10: =MIN(Orders!$F$5:$F$124) -> 12
A11: Max | B11: =MAX(Orders!$F$5:$F$124) -> 89
A12: 25th Percentile (Q1) | B12: =_xlfn.QUARTILE.INC(Orders!$F$5:$F$124,1) -> 26
A13: 75th Percentile (Q3) | B13: =_xlfn.QUARTILE.INC(Orders!$F$5:$F$124,3) -> 42
A14: IQR | B14: =B12-B11 -> -63
A15: Lower Bound | B15: =B11-1.5*B13 -> 26
A16: Upper Bound | B16: =B12+1.5*B13 -> 89
A18: Note | B18: Orders!M contains the row-level IQR flag. The same Q1/Q3/threshold logic is used there.

Sheet QStats
A1: Q1 | B1: =_xludf.quartile.inc(Orders!$F$5:$F$124,1) -> #NAME?
A2: Q3 | B2: =_xludf.quartile.inc(Orders!$F$5:$F$124,3) -> #NAME?
A7: Q1 | B7: =B1 -> #NAME?
A8: Lower Bound | B8: =B7-1.5*(B2-B1) -> #NAME?
A9: Upper Bound | B9: =B2+1.5*(B2-B1) -> #NAME?

Sheet Zone Stats
A1: Zone Stats
A2: Zone-level delivery and revenue statistics using AVERAGEIF and array-based STDEV formulas.
A4: Zone | B4: Mean DeliveryTime | C4: Median DeliveryTime | D4: Std Dev DeliveryTime | E4: Mean Revenue | F4: Median Revenue | G4: Std Dev Revenue | H4: Above Overall Median?
A5: Central | B5: =AVERAGEIF(Orders!$D$5:$D$124,A5,Orders!$F$5:$F$124) -> 35.72 | C5: =MEDIAN(Orders!F4:'Orders'!F108:F124:'Orders'!A4:'Orders'!A108:A124) -> 23146.5 | D5: =_xlfn.STDEV.S(Orders!F5:F124) -> 12.855998 | E5: =AVERAGEIF(Orders!$D$5:$D$124,A5,Orders!$H$5:$H$124) -> 823.3936 | F5: =MEDIAN(Orders!H105:H124) -> 1038.955 | G5: =_xlfn.STDEV.S(Orders!H105:H124) -> 340.77388 | H5: =IF(Orders!F105>MEDIAN(Orders!G105:G124),"YES","NO") -> YES
A6: West | B6: =AVERAGEIF(Orders!$D$5:$D$124,A6,Orders!$F$5:$F$124) -> 35.136364 | C6: =MEDIAN(Orders!F5:'Orders'!F109:F125:'Orders'!A5:'Orders'!A109:A125) -> 23146.5 | D6: =_xlfn.STDEV.S(Orders!F6:F125) -> 12.910184 | E6: =AVERAGEIF(Orders!$D$5:$D$124,A6,Orders!$H$5:$H$124) -> 825.63364 | F6: =MEDIAN(Orders!H106:H125) -> 1019.3 | G6: =_xlfn.STDEV.S(Orders!H106:H125) -> 337.30681 | H6: =IF(Orders!F106>MEDIAN(Orders!G106:G125),"YES","NO") -> YES
A7: East | B7: =AVERAGEIF(Orders!$D$5:$D$124,A7,Orders!$F$5:$F$124) -> 34.344828 | C7: =MEDIAN(Orders!F6:'Orders'!F110:F126:'Orders'!A6:'Orders'!A110:A126) -> 23146.5 | D7: =_xlfn.STDEV.S(Orders!F7:F126) -> 12.962758 | E7: =AVERAGEIF(Orders!$D$5:$D$124,A7,Orders!$H$5:$H$124) -> 890.20207 | F7: =MEDIAN(Orders!H107:H126) -> 1038.955 | G7: =_xlfn.STDEV.S(Orders!H107:H126) -> 337.59652 | H7: =IF(Orders!F107>MEDIAN(Orders!G107:G126),"YES","NO") -> YES
A8: North | B8: =AVERAGEIF(Orders!$D$5:$D$124,A8,Orders!$F$5:$F$124) -> 33.875 | C8: =MEDIAN(Orders!F7:'Orders'!F111:F127:'Orders'!A7:'Orders'!A111:A127) -> 23146.5 | D8: =_xlfn.STDEV.S(Orders!F8:F127) -> 12.992896 | E8: =AVERAGEIF(Orders!$D$5:$D$124,A8,Orders!$H$5:$H$124) -> 883.4125 | F8: =MEDIAN(Orders!H108:H127) -> 1019.3 | G8: =_xlfn.STDEV.S(Orders!H108:H127) -> 344.19818 | H8: =IF(Orders!F108>MEDIAN(Orders!G108:G127),"YES","NO") -> YES
A9: South | B9: =AVERAGEIF(Orders!$D$5:$D$124,A9,Orders!$F$5:$F$124) -> 34.6 | C9: =MEDIAN(Orders!F8:'Orders'!F112:F128:'Orders'!A8:'Orders'!A112:A128) -> 23146.5 | D9: =_xlfn.STDEV.S(Orders!F9:F128) -> 12.990837 | E9: =AVERAGEIF(Orders!$D$5:$D$124,A9,Orders!$H$5:$H$124) -> 995.9465 | F9: =MEDIAN(Orders!H109:H128) -> 1038.955 | G9: =_xlfn.STDEV.S(Orders!H109:H128) -> 354.64777 | H9: =IF(Orders!F109>MEDIAN(Orders!G109:G128),"YES","NO") -> YES

Sheet Pivot Analysis
A4: Revenue by Cuisine × Zone
B5: Central | C5: West | D5: East | E5: North | F5: South | G5: Grand Total
A6: North Indian | B6: =SUMIFS(Orders!$H$5:$H$124,Orders!$C$5:$C$124,$A6,Orders!$D$5:$D$124,B$5) -> 6086.72 | C6: =SUMIFS(Orders!$H$5:$H$124,Orders!$C$5:$C$124,$A6,Orders!$D$5:$D$124,C$5) -> 6002.32 | D6: =SUMIFS(Orders!$H$5:$H$124,Orders!$C$5:$C$124,$A6,Orders!$D$5:$D$124,D$5) -> 5488.74 | E6: =SUMIFS(Orders!$H$5:$H$124,Orders!$C$5:$C$124,$A6,Orders!$D$5:$D$124,E$5) -> 7021.63 | F6: =SUMIFS(Orders!$H$5:$H$124,Orders!$C$5:$C$124,$A6,Orders!$D$5:$D$124,F$5) -> 4731.06 | G6: =SUM(B6:F6) -> 29330.47
A7: South Indian | B7: =SUMIFS(Orders!$H$5:$H$124,Orders!$C$5:$C$124,$A7,Orders!$D$5:$D$124,B$5) -> 3714.75 | C7: =SUMIFS(Orders!$H$5:$H$124,Orders!$C$5:$C$124,$A7,Orders!$D$5:$D$124,C$5) -> 4128.09 | D7: =SUMIFS(Orders!$H$5:$H$124,Orders!$C$5:$C$124,$A7,Orders!$D$5:$D$124,D$5) -> 8908.01 | E7: =SUMIFS(Orders!$H$5:$H$124,Orders!$C$5:$C$124,$A7,Orders!$D$5:$D$124,E$5) -> 5985.56 | F7: =SUMIFS(Orders!$H$5:$H$124,Orders!$C$5:$C$124,$A7,Orders!$D$5:$D$124,F$5) -> 4194.94 | G7: =SUM(B7:F7) -> 26931.35
A8: Chinese | B8: =SUMIFS(Orders!$H$5:$H$124,Orders!$C$5:$C$124,$A8,Orders!$D$5:$D$124,B$5) -> 4015.67 | C8: =SUMIFS(Orders!$H$5:$H$124,Orders!$C$5:$C$124,$A8,Orders!$D$5:$D$124,C$5) -> 4173.82 | D8: =SUMIFS(Orders!$H$5:$H$124,Orders!$C$5:$C$124,$A8,Orders!$D$5:$D$124,D$5) -> 7419.85 | E8: =SUMIFS(Orders!$H$5:$H$124,Orders!$C$5:$C$124,$A8,Orders!$D$5:$D$124,E$5) -> 5640.72 | F8: =SUMIFS(Orders!$H$5:$H$124,Orders!$C$5:$C$124,$A8,Orders!$D$5:$D$124,F$5) -> 6426.95 | G8: =SUM(B8:F8) -> 27677.01
A9: Italian | B9: =SUMIFS(Orders!$H$5:$H$124,Orders!$C$5:$C$124,$A9,Orders!$D$5:$D$124,B$5) -> 6767.7 | C9: =SUMIFS(Orders!$H$5:$H$124,Orders!$C$5:$C$124,$A9,Orders!$D$5:$D$124,C$5) -> 3859.71 | D9: =SUMIFS(Orders!$H$5:$H$124,Orders!$C$5:$C$124,$A9,Orders!$D$5:$D$124,D$5) -> 3999.26 | E9: =SUMIFS(Orders!$H$5:$H$124,Orders!$C$5:$C$124,$A9,Orders!$D$5:$D$124,E$5) -> 2553.99 | F9: =SUMIFS(Orders!$H$5:$H$124,Orders!$C$5:$C$124,$A9,Orders!$D$5:$D$124,F$5) -> 4565.98 | G9: =SUM(B9:F9) -> 21746.64
A10: Grand Total | B10: =SUM(B6:B9) -> 20584.84 | C10: =SUM(C6:C9) -> 18163.94 | D10: =SUM(D6:D9) -> 25815.86 | E10: =SUM(E6:E9) -> 21201.9 | F10: =SUM(F6:F9) -> 19918.93 | G10: =SUM(G6:G9) -> 105685.47
A13: Average Revenue Per Order
A14: Cuisine | B14: Orders | C14: Revenue | D14: AvgRevenuePerOrder
A15: North Indian | B15: =COUNTIF(Orders!$C$5:$C$124,A15) -> 35 | C15: =SUMIF(Orders!$C$5:$C$124,A15,Orders!$H$5:$H$124) -> 29330.47 | D15: =IFERROR(C15/B15,0) -> 838.01343
A16: South Indian | B16: =COUNTIF(Orders!$C$5:$C$124,A16) -> 28 | C16: =SUMIF(Orders!$C$5:$C$124,A16,Orders!$H$5:$H$124) -> 26931.35 | D16: =IFERROR(C16/B16,0) -> 961.83393
A17: Chinese | B17: =COUNTIF(Orders!$C$5:$C$124,A17) -> 31 | C17: =SUMIF(Orders!$C$5:$C$124,A17,Orders!$H$5:$H$124) -> 27677.01 | D17: =IFERROR(C17/B17,0) -> 892.80677
A18: Italian | B18: =COUNTIF(Orders!$C$5:$C$124,A18) -> 26 | C18: =SUMIF(Orders!$C$5:$C$124,A18,Orders!$H$5:$H$124) -> 21746.64 | D18: =IFERROR(C18/B18,0) -> 836.40923
A21: Order Count by Month & Quarter
A22: Month | B22: Quarter | C22: Order Count | D22: Revenue | F22: Selected Cuisine | G22: All
A23: Jul-2026 | B23: Q3 | C23: =COUNTIFS(Orders!$E$5:$E$124,">="&DATE(2026,7,1),Orders!$E$5:$E$124,"<"&DATE(2026,8,1)) -> 40 | D23: =SUMIFS(Orders!$H$5:$H$124,Orders!$E$5:$E$124,">="&DATE(2026,7,1),Orders!$E$5:$E$124,"<"&DATE(2026,8,1)) -> 34751.05 | F23: Selected Zone | G23: All
A24: Aug-2026 | B24: Q3 | C24: =COUNTIFS(Orders!$E$5:$E$124,">="&DATE(2026,8,1),Orders!$E$5:$E$124,"<"&DATE(2026,9,1)) -> 37 | D24: =SUMIFS(Orders!$H$5:$H$124,Orders!$E$5:$E$124,">="&DATE(2026,8,1),Orders!$E$5:$E$124,"<"&DATE(2026,9,1)) -> 35884.37 | F24: Selected Date Range | G24: Jul-Oct 2026
A25: Sep-2026 | B25: Q3 | C25: =COUNTIFS(Orders!$E$5:$E$124,">="&DATE(2026,9,1),Orders!$E$5:$E$124,"<"&DATE(2026,10,1)) -> 43 | D25: =SUMIFS(Orders!$H$5:$H$124,Orders!$E$5:$E$124,">="&DATE(2026,9,1),Orders!$E$5:$E$124,"<"&DATE(2026,10,1)) -> 35050.05
A26: Oct-2026 | B26: Q4 | C26: =COUNTIFS(Orders!$E$5:$E$124,">="&DATE(2026,10,1),Orders!$E$5:$E$124,"<"&DATE(2026,11,1)) -> 0 | D26: =SUMIFS(Orders!$H$5:$H$124,Orders!$E$5:$E$124,">="&DATE(2026,10,1),Orders!$E$5:$E$124,"<"&DATE(2026,11,1)) -> 0

Sheet Dashboard
A1: Food Delivery Operations Dashboard
A2: Use the summary views below to review revenue, order volume and service performance.
A4: Total Revenue | E4: Average Customer Rating | I4: On-Time Delivery %
A5: =SUM(Orders!$H$5:$H$124) -> 105685.47 | E5: =AVERAGE(Orders!$G$5:$G$124) -> 4.02 | I5: =COUNTIFS(Orders!$I$5:$I$124,"Delivered",Orders!$F$5:$F$124,"<=40")/COUNTA(Orders!$A$5:$A$124) -> 0.66666667
A9: Revenue by Cuisine × Zone
B10: Central | C10: West | D10: East | E10: North | F10: South | G10: Grand Total
A11: North Indian | B11: ='Pivot Analysis'!B6 -> 6086.72 | C11: ='Pivot Analysis'!C6 -> 6002.32 | D11: ='Pivot Analysis'!D6 -> 5488.74 | E11: ='Pivot Analysis'!E6 -> 7021.63 | F11: ='Pivot Analysis'!F6 -> 4731.06 | G11: =SUM(B11:F11) -> 29330.47
A12: South Indian | B12: ='Pivot Analysis'!B7 -> 3714.75 | C12: ='Pivot Analysis'!C7 -> 4128.09 | D12: ='Pivot Analysis'!D7 -> 8908.01 | E12: ='Pivot Analysis'!E7 -> 5985.56 | F12: ='Pivot Analysis'!F7 -> 4194.94 | G12: =SUM(B12:F12) -> 26931.35
A13: Chinese | B13: ='Pivot Analysis'!B8 -> 4015.67 | C13: ='Pivot Analysis'!C8 -> 4173.82 | D13: ='Pivot Analysis'!D8 -> 7419.85 | E13: ='Pivot Analysis'!E8 -> 5640.72 | F13: ='Pivot Analysis'!F8 -> 6426.95 | G13: =SUM(B13:F13) -> 27677.01
A14: Italian | B14: ='Pivot Analysis'!B9 -> 6767.7 | C14: ='Pivot Analysis'!C9 -> 3859.71 | D14: ='Pivot Analysis'!D9 -> 3999.26 | E14: ='Pivot Analysis'!E9 -> 2553.99 | F14: ='Pivot Analysis'!F9 -> 4565.98 | G14: =SUM(B14:F14) -> 21746.64
A15: Grand Total | B15: =SUM(B11:B14) -> 20584.84 | C15: =SUM(C11:C14) -> 18163.94 | D15: =SUM(D11:D14) -> 25815.86 | E15: =SUM(E11:E14) -> 21201.9 | F15: =SUM(F11:F14) -> 19918.93 | G15: =SUM(G11:G14) -> 105685.47
A18: Monthly Order Trend
A19: Month | B19: Quarter | C19: Orders | D19: Revenue
A20: ='Pivot Analysis'!A23 -> Jul-2026 | B20: ='Pivot Analysis'!B23 -> Q3 | C20: ='Pivot Analysis'!C23 -> 40 | D20: ='Pivot Analysis'!D23 -> 34751.05
A21: ='Pivot Analysis'!A24 -> Aug-2026 | B21: ='Pivot Analysis'!B24 -> Q3 | C21: ='Pivot Analysis'!C24 -> 37 | D21: ='Pivot Analysis'!D24 -> 35884.37
A22: ='Pivot Analysis'!A25 -> Sep-2026 | B22: ='Pivot Analysis'!B25 -> Q3 | C22: ='Pivot Analysis'!C25 -> 43 | D22: ='Pivot Analysis'!D25 -> 35050.05
A23: ='Pivot Analysis'!A26 -> Oct-2026 | B23: ='Pivot Analysis'!B26 -> Q4 | C23: ='Pivot Analysis'!C26 -> 0 | D23: ='Pivot Analysis'!D26 -> 0
A27: High-Value Order View
A28: Revenue column in Orders uses a Top 10% conditional formatting rule.
